Part_Number,web,the
shelf001,https://www.webstaurantstore.com/regency-12-x-24-nsf-black-epoxy-wire-shelf/460EB1224.html,https://www.therestaurantstore.com/items/627823
shelf002,https://www.webstaurantstore.com/regency-12-x-24-nsf-chrome-wire-shelf/460EC1224.html,https://www.therestaurantstore.com/items/627817
shelf003,https://www.webstaurantstore.com/regency-12-x-24-nsf-green-epoxy-wire-shelf/460EG1224.html,https://www.therestaurantstore.com/items/627916
shelf004,https://www.webstaurantstore.com/regency-12-x-30-nsf-black-epoxy-wire-shelf/460EB1230.html,https://www.therestaurantstore.com/items/627878
shelf005,https://www.webstaurantstore.com/regency-12-x-30-nsf-chrome-wire-shelf/460EC1230.html,https://www.therestaurantstore.com/items/627856
shelf006,https://www.webstaurantstore.com/regency-12-x-30-nsf-green-epoxy-wire-shelf/460EG1230.html,https://www.therestaurantstore.com/items/627937
shelf007,https://www.webstaurantstore.com/regency-12-x-36-nsf-black-epoxy-wire-shelf/460EB1236.html,https://www.therestaurantstore.com/items/627848
shelf008,https://www.webstaurantstore.com/regency-12-x-36-nsf-chrome-wire-shelf/460EC1236.html,https://www.therestaurantstore.com/items/628022
shelf009,https://www.webstaurantstore.com/regency-12-x-36-nsf-green-epoxy-wire-shelf/460EG1236.html,https://www.therestaurantstore.com/items/627768
shelf010,https://www.webstaurantstore.com/regency-12-x-42-nsf-black-epoxy-wire-shelf/460EB1242.html,https://www.therestaurantstore.com/items/627979
shelf011,https://www.webstaurantstore.com/regency-12-x-42-nsf-chrome-wire-shelf/460EC1242.html,https://www.therestaurantstore.com/items/628045
shelf012,https://www.webstaurantstore.com/regency-12-x-42-nsf-green-epoxy-wire-shelf/460EG1242.html,https://www.therestaurantstore.com/items/627891
shelf013,https://www.webstaurantstore.com/regency-12-x-48-nsf-black-epoxy-wire-shelf/460EB1248.html,https://www.therestaurantstore.com/items/627851
shelf014,https://www.webstaurantstore.com/regency-12-x-48-nsf-chrome-wire-shelf/460EC1248.html,https://www.therestaurantstore.com/items/627861
shelf015,https://www.webstaurantstore.com/regency-12-x-48-nsf-green-epoxy-wire-shelf/460EG1248.html,https://www.therestaurantstore.com/items/628044
shelf016,https://www.webstaurantstore.com/regency-12-x-54-nsf-black-epoxy-wire-shelf/460EB1254.html,https://www.therestaurantstore.com/items/627910
shelf017,https://www.webstaurantstore.com/regency-12-x-54-nsf-chrome-wire-shelf/460EC1254.html,https://www.therestaurantstore.com/items/628065
shelf018,https://www.webstaurantstore.com/regency-12-x-54-nsf-green-epoxy-wire-shelf/460EG1254.html,https://www.therestaurantstore.com/items/628054
shelf019,https://www.webstaurantstore.com/regency-12-x-60-nsf-black-epoxy-wire-shelf/460EB1260.html,https://www.therestaurantstore.com/items/627815
shelf020,https://www.webstaurantstore.com/regency-12-x-60-nsf-chrome-wire-shelf/460EC1260.html,https://www.therestaurantstore.com/items/627843
shelf021,https://www.webstaurantstore.com/regency-12-x-60-nsf-green-epoxy-wire-shelf/460EG1260.html,https://www.therestaurantstore.com/items/627920
shelf022,https://www.webstaurantstore.com/regency-12-x-72-nsf-black-epoxy-wire-shelf/460EB1272.html,https://www.therestaurantstore.com/items/628013
shelf023,https://www.webstaurantstore.com/regency-12-x-72-nsf-chrome-wire-shelf/460EC1272.html,https://www.therestaurantstore.com/items/627949
shelf024,https://www.webstaurantstore.com/regency-12-x-72-nsf-green-epoxy-wire-shelf/460EG1272.html,https://www.therestaurantstore.com/items/627967
shelf025,https://www.webstaurantstore.com/regency-14-x-24-nsf-black-epoxy-wire-shelf/460EB1424.html,https://www.therestaurantstore.com/items/166592
shelf026,https://www.webstaurantstore.com/regency-14-x-24-nsf-chrome-wire-shelf/460EC1424.html,https://www.therestaurantstore.com/items/73004
shelf027,https://www.webstaurantstore.com/regency-14-x-24-nsf-green-epoxy-wire-shelf/460EG1424.html,https://www.therestaurantstore.com/items/36000
shelf028,https://www.webstaurantstore.com/regency-14-x-30-nsf-black-epoxy-wire-shelf/460EB1430.html,https://www.therestaurantstore.com/items/166624
shelf029,https://www.webstaurantstore.com/regency-14-x-30-nsf-chrome-wire-shelf/460EC1430.html,https://www.therestaurantstore.com/items/30862
shelf030,https://www.webstaurantstore.com/regency-14-x-30-nsf-green-epoxy-wire-shelf/460EG1430.html,https://www.therestaurantstore.com/items/55972
shelf031,https://www.webstaurantstore.com/regency-14-x-36-nsf-black-epoxy-wire-shelf/460EB1436.html,https://www.therestaurantstore.com/items/166601
shelf032,https://www.webstaurantstore.com/regency-14-x-36-nsf-chrome-wire-shelf/460EC1436.html,https://www.therestaurantstore.com/items/72504
shelf033,https://www.webstaurantstore.com/regency-14-x-36-nsf-green-epoxy-wire-shelf/460EG1436.html,https://www.therestaurantstore.com/items/69833
shelf034,https://www.webstaurantstore.com/regency-14-x-42-nsf-black-epoxy-wire-shelf/460EB1442.html,https://www.therestaurantstore.com/items/166627
shelf035,https://www.webstaurantstore.com/regency-14-x-42-nsf-chrome-wire-shelf/460EC1442.html,https://www.therestaurantstore.com/items/49907
shelf036,https://www.webstaurantstore.com/regency-14-x-42-nsf-green-epoxy-wire-shelf/460EG1442.html,https://www.therestaurantstore.com/items/34442
shelf037,https://www.webstaurantstore.com/regency-14-x-48-nsf-black-epoxy-wire-shelf/460EB1448.html,https://www.therestaurantstore.com/items/166610
shelf038,https://www.webstaurantstore.com/regency-14-x-48-nsf-chrome-wire-shelf/460EC1448.html,https://www.therestaurantstore.com/items/50833
shelf039,https://www.webstaurantstore.com/regency-14-x-48-nsf-green-epoxy-wire-shelf/460EG1448.html,https://www.therestaurantstore.com/items/28490
shelf040,https://www.webstaurantstore.com/regency-14-x-54-nsf-black-epoxy-wire-shelf/460EB1454.html,https://www.therestaurantstore.com/items/713575
shelf041,https://www.webstaurantstore.com/regency-14-x-54-nsf-chrome-wire-shelf/460EC1454.html,https://www.therestaurantstore.com/items/19954
shelf042,https://www.webstaurantstore.com/regency-14-x-54-nsf-green-epoxy-wire-shelf/460EG1454.html,https://www.therestaurantstore.com/items/713574
shelf043,https://www.webstaurantstore.com/regency-14-x-60-nsf-black-epoxy-wire-shelf/460EB1460.html,https://www.therestaurantstore.com/items/166580
shelf044,https://www.webstaurantstore.com/regency-14-x-60-nsf-chrome-wire-shelf/460EC1460.html,https://www.therestaurantstore.com/items/25407
shelf045,https://www.webstaurantstore.com/regency-14-x-60-nsf-green-epoxy-wire-shelf/460EG1460.html,https://www.therestaurantstore.com/items/26410
shelf046,https://www.webstaurantstore.com/regency-14-x-72-nsf-black-epoxy-wire-shelf/460EB1472.html,https://www.therestaurantstore.com/items/166638
shelf047,https://www.webstaurantstore.com/regency-14-x-72-nsf-chrome-wire-shelf/460EC1472.html,https://www.therestaurantstore.com/items/49571
shelf048,https://www.webstaurantstore.com/regency-14-x-72-nsf-green-epoxy-wire-shelf/460EG1472.html,https://www.therestaurantstore.com/items/54041
shelf049,https://www.webstaurantstore.com/regency-18-x-24-nsf-black-epoxy-wire-shelf/460EB1824.html,https://www.therestaurantstore.com/items/103478
shelf050,https://www.webstaurantstore.com/regency-18-x-24-nsf-chrome-wire-shelf/460EC1824.html,https://www.therestaurantstore.com/items/52175
shelf051,https://www.webstaurantstore.com/regency-18-x-24-nsf-green-epoxy-wire-shelf/460EG1824.html,https://www.therestaurantstore.com/items/51586
shelf052,https://www.webstaurantstore.com/regency-18-x-30-nsf-black-epoxy-wire-shelf/460EB1830.html,https://www.therestaurantstore.com/items/103466
shelf053,https://www.webstaurantstore.com/regency-18-x-30-nsf-chrome-wire-shelf/460EC1830.html,https://www.therestaurantstore.com/items/11209
shelf054,https://www.webstaurantstore.com/regency-18-x-30-nsf-green-epoxy-wire-shelf/460EG1830.html,https://www.therestaurantstore.com/items/36854
shelf055,https://www.webstaurantstore.com/regency-18-x-36-nsf-black-epoxy-wire-shelf/460EB1836.html,https://www.therestaurantstore.com/items/103472
shelf056,https://www.webstaurantstore.com/regency-18-x-36-nsf-chrome-wire-shelf/460EC1836.html,https://www.therestaurantstore.com/items/55511
shelf057,https://www.webstaurantstore.com/regency-18-x-36-nsf-green-epoxy-wire-shelf/460EG1836.html,https://www.therestaurantstore.com/items/10757
shelf058,https://www.webstaurantstore.com/regency-18-x-42-nsf-black-epoxy-wire-shelf/460EB1842.html,https://www.therestaurantstore.com/items/103411
shelf059,https://www.webstaurantstore.com/regency-18-x-42-nsf-chrome-wire-shelf/460EC1842.html,https://www.therestaurantstore.com/items/38494
shelf060,https://www.webstaurantstore.com/regency-18-x-42-nsf-green-epoxy-wire-shelf/460EG1842.html,https://www.therestaurantstore.com/items/57432
shelf061,https://www.webstaurantstore.com/regency-18-x-48-nsf-black-epoxy-wire-shelf/460EB1848.html,https://www.therestaurantstore.com/items/103413
shelf062,https://www.webstaurantstore.com/regency-18-x-48-nsf-chrome-wire-shelf/460EC1848.html,https://www.therestaurantstore.com/items/52382
shelf063,https://www.webstaurantstore.com/regency-18-x-48-nsf-green-epoxy-wire-shelf/460EG1848.html,https://www.therestaurantstore.com/items/23720
shelf064,https://www.webstaurantstore.com/regency-18-x-54-nsf-black-epoxy-wire-shelf/460EB1854.html,https://www.therestaurantstore.com/items/103455
shelf065,https://www.webstaurantstore.com/regency-18-x-54-nsf-chrome-wire-shelf/460EC1854.html,https://www.therestaurantstore.com/items/30346
shelf066,https://www.webstaurantstore.com/regency-18-x-54-nsf-green-epoxy-wire-shelf/460EG1854.html,https://www.therestaurantstore.com/items/21261
shelf067,https://www.webstaurantstore.com/regency-18-x-60-nsf-black-epoxy-wire-shelf/460EB1860.html,https://www.therestaurantstore.com/items/103428
shelf068,https://www.webstaurantstore.com/regency-18-x-60-nsf-chrome-wire-shelf/460EC1860.html,https://www.therestaurantstore.com/items/21533
shelf069,https://www.webstaurantstore.com/regency-18-x-60-nsf-green-epoxy-wire-shelf/460EG1860.html,https://www.therestaurantstore.com/items/18427
shelf070,https://www.webstaurantstore.com/regency-18-x-72-nsf-black-epoxy-wire-shelf/460EB1872.html,https://www.therestaurantstore.com/items/103441
shelf071,https://www.webstaurantstore.com/regency-18-x-72-nsf-chrome-wire-shelf/460EC1872.html,https://www.therestaurantstore.com/items/20529
shelf072,https://www.webstaurantstore.com/regency-18-x-72-nsf-green-epoxy-wire-shelf/460EG1872.html,https://www.therestaurantstore.com/items/3152
shelf073,https://www.webstaurantstore.com/regency-21-x-24-nsf-black-epoxy-wire-shelf/460EB2124.html,https://www.therestaurantstore.com/items/713597
shelf074,https://www.webstaurantstore.com/regency-21-x-24-nsf-chrome-wire-shelf/460EC2124.html,https://www.therestaurantstore.com/items/39400
shelf075,https://www.webstaurantstore.com/regency-21-x-24-nsf-green-epoxy-wire-shelf/460EG2124.html,https://www.therestaurantstore.com/items/713528
shelf076,https://www.webstaurantstore.com/regency-21-x-30-nsf-black-epoxy-wire-shelf/460EB2130.html,https://www.therestaurantstore.com/items/577382
shelf077,https://www.webstaurantstore.com/regency-21-x-30-nsf-chrome-wire-shelf/460EC2130.html,https://www.therestaurantstore.com/items/2559
shelf078,https://www.webstaurantstore.com/regency-21-x-30-nsf-green-epoxy-wire-shelf/460EG2130.html,https://www.therestaurantstore.com/items/5326
shelf079,https://www.webstaurantstore.com/regency-21-x-36-nsf-black-epoxy-wire-shelf/460EB2136.html,https://www.therestaurantstore.com/items/577453
shelf080,https://www.webstaurantstore.com/regency-21-x-36-nsf-chrome-wire-shelf/460EC2136.html,https://www.therestaurantstore.com/items/38853
shelf081,https://www.webstaurantstore.com/regency-21-x-36-nsf-green-epoxy-wire-shelf/460EG2136.html,https://www.therestaurantstore.com/items/3261
shelf082,https://www.webstaurantstore.com/regency-21-x-42-nsf-black-epoxy-wire-shelf/460EB2142.html,https://www.therestaurantstore.com/items/577386
shelf083,https://www.webstaurantstore.com/regency-21-x-42-nsf-chrome-wire-shelf/460EC2142.html,https://www.therestaurantstore.com/items/69428
shelf084,https://www.webstaurantstore.com/regency-21-x-42-nsf-green-epoxy-wire-shelf/460EG2142.html,https://www.therestaurantstore.com/items/53715
shelf085,https://www.webstaurantstore.com/regency-21-x-48-nsf-black-epoxy-wire-shelf/460EB2148.html,https://www.therestaurantstore.com/items/577379
shelf086,https://www.webstaurantstore.com/regency-21-x-48-nsf-chrome-wire-shelf/460EC2148.html,https://www.therestaurantstore.com/items/12104
shelf087,https://www.webstaurantstore.com/regency-21-x-48-nsf-green-epoxy-wire-shelf/460EG2148.html,https://www.therestaurantstore.com/items/12716
shelf088,https://www.webstaurantstore.com/regency-21-x-54-nsf-black-epoxy-wire-shelf/460EB2154.html,https://www.therestaurantstore.com/items/577466
shelf089,https://www.webstaurantstore.com/regency-21-x-54-nsf-chrome-wire-shelf/460EC2154.html,https://www.therestaurantstore.com/items/20923
shelf090,https://www.webstaurantstore.com/regency-21-x-54-nsf-green-epoxy-wire-shelf/460EG2154.html,https://www.therestaurantstore.com/items/26441
shelf091,https://www.webstaurantstore.com/regency-21-x-60-nsf-black-epoxy-wire-shelf/460EB2160.html,https://www.therestaurantstore.com/items/577406
shelf092,https://www.webstaurantstore.com/regency-21-x-60-nsf-chrome-wire-shelf/460EC2160.html,https://www.therestaurantstore.com/items/44756
shelf093,https://www.webstaurantstore.com/regency-21-x-60-nsf-green-epoxy-wire-shelf/460EG2160.html,https://www.therestaurantstore.com/items/69580
shelf094,https://www.webstaurantstore.com/regency-21-x-72-nsf-black-epoxy-wire-shelf/460EB2172.html,https://www.therestaurantstore.com/items/577396
shelf095,https://www.webstaurantstore.com/regency-21-x-72-nsf-chrome-wire-shelf/460EC2172.html,https://www.therestaurantstore.com/items/61357
shelf096,https://www.webstaurantstore.com/regency-21-x-72-nsf-green-epoxy-wire-shelf/460EG2172.html,https://www.therestaurantstore.com/items/47846
shelf097,https://www.webstaurantstore.com/regency-24-x-24-nsf-black-epoxy-wire-shelf/460EB2424.html,https://www.therestaurantstore.com/items/103477
shelf098,https://www.webstaurantstore.com/regency-24-x-24-nsf-chrome-wire-shelf/460EC2424.html,https://www.therestaurantstore.com/items/46376
shelf099,https://www.webstaurantstore.com/regency-24-x-24-nsf-green-epoxy-wire-shelf/460EG2424.html,https://www.therestaurantstore.com/items/32707
shelf100,https://www.webstaurantstore.com/regency-24-x-30-nsf-black-epoxy-wire-shelf/460EB2430.html,https://www.therestaurantstore.com/items/103438
shelf101,https://www.webstaurantstore.com/regency-24-x-30-nsf-chrome-wire-shelf/460EC2430.html,https://www.therestaurantstore.com/items/20252
shelf102,https://www.webstaurantstore.com/regency-24-x-30-nsf-green-epoxy-wire-shelf/460EG2430.html,https://www.therestaurantstore.com/items/63097
shelf103,https://www.webstaurantstore.com/regency-24-x-36-nsf-black-epoxy-wire-shelf/460EB2436.html,https://www.therestaurantstore.com/items/103490
shelf104,https://www.webstaurantstore.com/regency-24-x-36-nsf-chrome-wire-shelf/460EC2436.html,https://www.therestaurantstore.com/items/41430
shelf105,https://www.webstaurantstore.com/regency-24-x-36-nsf-green-epoxy-wire-shelf/460EG2436.html,https://www.therestaurantstore.com/items/68847
shelf106,https://www.webstaurantstore.com/regency-24-x-42-nsf-black-epoxy-wire-shelf/460EB2442.html,https://www.therestaurantstore.com/items/103423
shelf107,https://www.webstaurantstore.com/regency-24-x-42-nsf-chrome-wire-shelf/460EC2442.html,https://www.therestaurantstore.com/items/10884
shelf108,https://www.webstaurantstore.com/regency-24-x-42-nsf-green-epoxy-wire-shelf/460EG2442.html,https://www.therestaurantstore.com/items/41823
shelf109,https://www.webstaurantstore.com/regency-24-x-48-nsf-black-epoxy-wire-shelf/460EB2448.html,https://www.therestaurantstore.com/items/103453
shelf110,https://www.webstaurantstore.com/regency-24-x-48-nsf-chrome-wire-shelf/460EC2448.html,https://www.therestaurantstore.com/items/48023
shelf111,https://www.webstaurantstore.com/regency-24-x-48-nsf-green-epoxy-wire-shelf/460EG2448.html,https://www.therestaurantstore.com/items/2905
shelf112,https://www.webstaurantstore.com/regency-24-x-54-nsf-black-epoxy-wire-shelf/460EB2454.html,https://www.therestaurantstore.com/items/103488
shelf113,https://www.webstaurantstore.com/regency-24-x-54-nsf-chrome-wire-shelf/460EC2454.html,https://www.therestaurantstore.com/items/30543
shelf114,https://www.webstaurantstore.com/regency-24-x-54-nsf-green-epoxy-wire-shelf/460EG2454.html,https://www.therestaurantstore.com/items/34139
shelf115,https://www.webstaurantstore.com/regency-24-x-60-nsf-black-epoxy-wire-shelf/460EB2460.html,https://www.therestaurantstore.com/items/103494
shelf116,https://www.webstaurantstore.com/regency-24-x-60-nsf-chrome-wire-shelf/460EC2460.html,https://www.therestaurantstore.com/items/7099
shelf117,https://www.webstaurantstore.com/regency-24-x-60-nsf-green-epoxy-wire-shelf/460EG2460.html,https://www.therestaurantstore.com/items/60209
shelf118,https://www.webstaurantstore.com/regency-24-x-72-nsf-black-epoxy-wire-shelf/460EB2472.html,https://www.therestaurantstore.com/items/103480
shelf119,https://www.webstaurantstore.com/regency-24-x-72-nsf-chrome-wire-shelf/460EC2472.html,https://www.therestaurantstore.com/items/40012
shelf120,https://www.webstaurantstore.com/regency-24-x-72-nsf-green-epoxy-wire-shelf/460EG2472.html,https://www.therestaurantstore.com/items/37443
shelf121,https://www.webstaurantstore.com/regency-30-x-36-nsf-black-epoxy-wire-shelf/460EB3036.html,https://www.therestaurantstore.com/items/524420
shelf122,https://www.webstaurantstore.com/regency-30-x-36-chrome-wire-shelf/460EC3036.html,https://www.therestaurantstore.com/items/436220
shelf123,https://www.webstaurantstore.com/regency-30-x-36-green-epoxy-wire-shelf/460EG3036.html,https://www.therestaurantstore.com/items/436109
shelf124,https://www.webstaurantstore.com/regency-30-x-42-nsf-black-epoxy-wire-shelf/460EB3042.html,https://www.therestaurantstore.com/items/754133
shelf125,https://www.webstaurantstore.com/regency-30-x-42-nsf-chrome-wire-shelf/460EC3042.html,https://www.therestaurantstore.com/items/754049
shelf126,https://www.webstaurantstore.com/regency-30-x-42-nsf-green-epoxy-wire-shelf/460EG3042.html,https://www.therestaurantstore.com/items/754220
shelf127,https://www.webstaurantstore.com/regency-30-x-48-nsf-black-epoxy-wire-shelf/460EB3048.html,https://www.therestaurantstore.com/items/524246
shelf128,https://www.webstaurantstore.com/regency-30-x-48-chrome-wire-shelf/460EC3048.html,https://www.therestaurantstore.com/items/436259
shelf129,https://www.webstaurantstore.com/regency-30-x-48-green-epoxy-wire-shelf/460EG3048.html,https://www.therestaurantstore.com/items/436212
shelf130,https://www.webstaurantstore.com/regency-30-x-54-nsf-green-epoxy-wire-shelf/460EG3054.html,https://www.therestaurantstore.com/items/754164
shelf131,https://www.webstaurantstore.com/regency-30-x-54-nsf-chrome-wire-shelf/460EC3054.html,https://www.therestaurantstore.com/items/753975
shelf132,https://www.webstaurantstore.com/regency-30-x-54-nsf-green-epoxy-wire-shelf/460EG3054.html,https://www.therestaurantstore.com/items/754164
shelf133,https://www.webstaurantstore.com/regency-30-x-60-nsf-black-epoxy-wire-shelf/460EB3060.html,https://www.therestaurantstore.com/items/524462
shelf134,https://www.webstaurantstore.com/regency-30-x-60-chrome-wire-shelf/460EC3060.html,https://www.therestaurantstore.com/items/436228
shelf135,https://www.webstaurantstore.com/regency-30-x-60-green-epoxy-wire-shelf/460EG3060.html,https://www.therestaurantstore.com/items/436089
shelf136,https://www.webstaurantstore.com/regency-30-x-72-nsf-black-epoxy-wire-shelf/460EB3072.html,https://www.therestaurantstore.com/items/524292
shelf137,https://www.webstaurantstore.com/regency-30-x-72-chrome-wire-shelf/460EC3072.html,https://www.therestaurantstore.com/items/436150
shelf138,https://www.webstaurantstore.com/regency-30-x-72-green-epoxy-wire-shelf/460EG3072.html,https://www.therestaurantstore.com/items/436174
shelf139,https://www.webstaurantstore.com/regency-36-x-48-nsf-black-epoxy-wire-shelf/460EB3648.html,https://www.therestaurantstore.com/items/524277
shelf140,https://www.webstaurantstore.com/regency-36-x-48-nsf-chrome-wire-shelf/460EC3648.html,https://www.therestaurantstore.com/items/497593
shelf141,https://www.webstaurantstore.com/regency-36-x-48-nsf-green-epoxy-wire-shelf/460EG3648.html,https://www.therestaurantstore.com/items/497630
shelf142,https://www.webstaurantstore.com/regency-36-x-54-nsf-black-epoxy-wire-shelf/460EB3654.html,https://www.therestaurantstore.com/items/754234
shelf143,https://www.webstaurantstore.com/regency-36-x-54-nsf-chrome-wire-shelf/460EC3654.html,https://www.therestaurantstore.com/items/753964
shelf144,https://www.webstaurantstore.com/regency-36-x-54-nsf-green-epoxy-wire-shelf/460EG3654.html,https://www.therestaurantstore.com/items/753980
shelf145,https://www.webstaurantstore.com/regency-36-x-60-nsf-black-epoxy-wire-shelf/460EB3660.html,https://www.therestaurantstore.com/items/524380
shelf146,https://www.webstaurantstore.com/regency-36-x-60-nsf-chrome-wire-shelf/460EC3660.html,https://www.therestaurantstore.com/items/497528
shelf147,https://www.webstaurantstore.com/regency-36-x-60-nsf-green-epoxy-wire-shelf/460EG3660.html,https://www.therestaurantstore.com/items/497568
shelf148,https://www.webstaurantstore.com/regency-36-x-72-nsf-black-epoxy-wire-shelf/460EB3672.html,https://www.therestaurantstore.com/items/524450
shelf149,https://www.webstaurantstore.com/regency-36-x-72-nsf-chrome-wire-shelf/460EC3672.html,https://www.therestaurantstore.com/items/497498
shelf150,https://www.webstaurantstore.com/regency-36-x-72-nsf-green-epoxy-wire-shelf/460EG3672.html,https://www.therestaurantstore.com/items/497541
post001,https://www.webstaurantstore.com/regency-nsf-54-black-epoxy-post/460EBP54.html,https://www.therestaurantstore.com/items/413264
post002,https://www.webstaurantstore.com/regency-nsf-54-chrome-post/460ECP54.html,https://www.therestaurantstore.com/items/413278
post003,https://www.webstaurantstore.com/regency-nsf-54-green-epoxy-post/460EGP54.html,https://www.therestaurantstore.com/items/413126
post004,https://www.webstaurantstore.com/regency-64-nsf-black-epoxy-post/460EBP64.html,https://www.therestaurantstore.com/items/103410
post005,https://www.webstaurantstore.com/regency-64-nsf-chrome-post/460ECP64.html,https://www.therestaurantstore.com/items/69840
post006,https://www.webstaurantstore.com/regency-64-nsf-green-epoxy-post/460EGP64.html,https://www.therestaurantstore.com/items/60911
post007,https://www.webstaurantstore.com/regency-74-nsf-black-epoxy-post/460EBP74.html,https://www.therestaurantstore.com/items/103460
post008,https://www.webstaurantstore.com/regency-74-nsf-chrome-post/460ECP74.html,https://www.therestaurantstore.com/items/30224
post009,https://www.webstaurantstore.com/regency-74-nsf-green-epoxy-post/460EGP74.html,https://www.therestaurantstore.com/items/43601
post010,https://www.webstaurantstore.com/regency-86-nsf-black-epoxy-post/460EBP86.html,https://www.therestaurantstore.com/items/103457
post011,https://www.webstaurantstore.com/regency-86-nsf-chrome-post/460ECP86.html,https://www.therestaurantstore.com/items/73016
post012,https://www.webstaurantstore.com/regency-86-nsf-green-epoxy-post/460EGP86.html,https://www.therestaurantstore.com/items/115
post013,https://www.webstaurantstore.com/regency-nsf-96-black-epoxy-post/460EBP96.html,https://www.therestaurantstore.com/items/413302
post014,https://www.webstaurantstore.com/regency-nsf-96-chrome-post/460ECP96.html,https://www.therestaurantstore.com/items/413157
post015,https://www.webstaurantstore.com/regency-nsf-96-green-epoxy-post/460EGP96.html,https://www.therestaurantstore.com/items/413309
post016,https://www.webstaurantstore.com/regency-nsf-54-black-epoxy-mobile-shelving-post/460EBPC54.html,https://www.therestaurantstore.com/items/413314
post017,https://www.webstaurantstore.com/regency-nsf-54-chrome-mobile-shelving-post/460ECPC54.html,https://www.therestaurantstore.com/items/413228
post018,https://www.webstaurantstore.com/regency-nsf-54-green-epoxy-mobile-shelving-post/460EGPC54.html,https://www.therestaurantstore.com/items/413340
post019,https://www.webstaurantstore.com/regency-64-nsf-black-epoxy-mobile-shelving-post/460EBPC64.html,https://www.therestaurantstore.com/items/167431
post020,https://www.webstaurantstore.com/regency-64-nsf-chrome-mobile-shelving-post/460ECPC64.html,https://www.therestaurantstore.com/items/73998
post021,https://www.webstaurantstore.com/regency-64-nsf-green-epoxy-mobile-shelving-post/460EGPC64.html,https://www.therestaurantstore.com/items/54601
post022,https://www.webstaurantstore.com/regency-74-nsf-black-epoxy-mobile-shelving-post/460EBPC74.html,https://www.therestaurantstore.com/items/167428
post023,https://www.webstaurantstore.com/regency-74-nsf-chrome-mobile-shelving-post/460ECPC74.html,https://www.therestaurantstore.com/items/46586
post024,https://www.webstaurantstore.com/regency-74-nsf-green-epoxy-mobile-shelving-post/460EGPC74.html,https://www.therestaurantstore.com/items/3557
post025,https://www.webstaurantstore.com/regency-86-nsf-black-epoxy-mobile-shelving-post/460EBPC86.html,https://www.therestaurantstore.com/items/167432
post026,https://www.webstaurantstore.com/regency-86-nsf-chrome-mobile-shelving-post/460ECPC86.html,https://www.therestaurantstore.com/items/39934
post027,https://www.webstaurantstore.com/regency-86-nsf-green-epoxy-mobile-shelving-post/460EGPC86.html,https://www.therestaurantstore.com/items/26944
wheel001,https://www.webstaurantstore.com/regency-replacement-5-polyurethane-shelving-stem-caster-with-brake/4605POLYMPBX.html,https://www.therestaurantstore.com/items/57335